variable;variable_old;item;text;info
Gender;gender;NA;Mit welchem Geschlecht identifizieren Sie sich am ehesten?;"{""ImportId"":""QID3""}"
Age;age;NA;Bitte geben Sie Ihr Alter in Jahren ein.;"{""ImportId"":""QID4_TEXT""}"
Edu;edu;NA;Was ist Ihr höchster Bildungsabschluss?;"{""ImportId"":""QID5""}"
Urban;urban;NA;Was beschreibt ihren aktuellen Wohnort am ehesten?;"{""ImportId"":""QID8""}"
ati_1;ATI_1;Ich beschäftige mich gern genauer mit technischen Systemen.;Inwiefern stimmen Sie diesen Aussagen zu Ihrer Technikaffinität zu? - Ich beschäftige mich gern genauer mit technischen Systemen.;"{""ImportId"":""QID14_1""}"
ati_2;ATI_2;Ich probiere gern die Funktionen neuer technischer Systeme aus.;Inwiefern stimmen Sie diesen Aussagen zu Ihrer Technikaffinität zu? - Ich probiere gern die Funktionen neuer technischer Systeme aus.;"{""ImportId"":""QID14_2""}"
-ati_3n;ATI_3;Es genügt mir, dass ein technisches System funktioniert, mir ist es egal, wie oder warum.;Inwiefern stimmen Sie diesen Aussagen zu Ihrer Technikaffinität zu? - Es genügt mir, dass ein technisches System funktioniert, mir ist es egal, wie oder warum.;"{""ImportId"":""QID14_3""}"
-ati_4n;ATI_4;Es genügt mir, die Grundfunktionen eines technischen Systems zu kennen;Inwiefern stimmen Sie diesen Aussagen zu Ihrer Technikaffinität zu? - Es genügt mir, die Grundfunktionen eines technischen Systems zu kennen;"{""ImportId"":""QID14_4""}"
-tia_1n;TIA_1;Bei unbekannten automatisierten Systemen sollte man eher vorsichtig sein.;Inwiefern stimmen Sie diesen Aussagen zu Technologie und Vertrauen zu? - Bei unbekannten automatisierten Systemen sollte man eher vorsichtig sein.;"{""ImportId"":""QID15_1""}"
tia_2;TIA_2;Ich vertraue einem System eher als dass ich ihm misstraue.;Inwiefern stimmen Sie diesen Aussagen zu Technologie und Vertrauen zu? - Ich vertraue einem System eher als dass ich ihm misstraue.;"{""ImportId"":""QID15_2""}"
tia_3;TIA_3;Automatisierte Systeme funktionieren generell gut.;Inwiefern stimmen Sie diesen Aussagen zu Technologie und Vertrauen zu? - Automatisierte Systeme funktionieren generell gut.;"{""ImportId"":""QID15_3""}"
tp_1;TP_1;Ich fühle mich frustriert, wenn ich innovative Services benutze.;Inwiefern stimmen Sie diesen Aussagen zu Technologie zu? - Ich fühle mich frustriert, wenn ich innovative Services benutze.;"{""ImportId"":""QID13_1""}"
tp_2;TP_2;Wenn ich an innovative Services denke, werde ich nervös.;Inwiefern stimmen Sie diesen Aussagen zu Technologie zu? - Wenn ich an innovative Services denke, werde ich nervös.;"{""ImportId"":""QID13_2""}"
tp_3;TP_3;Innovative Services schüchtern mich ein.;Inwiefern stimmen Sie diesen Aussagen zu Technologie zu? - Innovative Services schüchtern mich ein.;"{""ImportId"":""QID13_3""}"
tp_4;TP_4;Mir ist es lieber, wenn ich bei meinen Angelegenheiten von Leuten bedient werde, als dass ich einen innovativen Service benutze.;Inwiefern stimmen Sie diesen Aussagen zu Technologie zu? - Mir ist es lieber, wenn ich bei meinen Angelegenheiten von Leuten bedient werde, als dass ich einen innovativen Service benutze.;"{""ImportId"":""QID13_4""}"
tp_5;TP_5;Ich habe mehr Vertrauen zu einem Angestellten der Kommunalverwaltung als zu einem innovativen Service.;Inwiefern stimmen Sie diesen Aussagen zu Technologie zu? - Ich habe mehr Vertrauen zu einem Angestellten der Kommunalverwaltung als zu einem innovativen Service.;"{""ImportId"":""QID13_5""}"
tp_6;TP_6;Die Angelegenheiten von Menschen sollten nicht von Maschinen erledigt werden.;Inwiefern stimmen Sie diesen Aussagen zu Technologie zu? - Die Angelegenheiten von Menschen sollten nicht von Maschinen erledigt werden.;"{""ImportId"":""QID13_6""}"
-tp_7n;TP_7;Ich fühle mich wohl, wenn ich innovative Services benutze.;Inwiefern stimmen Sie diesen Aussagen zu Technologie zu? - Ich fühle mich wohl, wenn ich innovative Services benutze.;"{""ImportId"":""QID13_7""}"
-tp_8n;TP_8;Innovative Services machen Transaktionen einfacher.;Inwiefern stimmen Sie diesen Aussagen zu Technologie zu? - Innovative Services machen Transaktionen einfacher.;"{""ImportId"":""QID13_8""}"
-tp_9n;TP_9;Ich finde es angenehm, dass innovative Services so bequem sind.;Inwiefern stimmen Sie diesen Aussagen zu Technologie zu? - Ich finde es angenehm, dass innovative Services so bequem sind.;"{""ImportId"":""QID13_9""}"
q21_1;Q21_1;Ich beabsichtige, die beschriebene KI zu nutzen;Stellen Sie sich vor, Ihre Angaben werden ausschließlich für die Bearbeitung Ihres aktuellen Anliegens verwendet und nicht zum weiteren KI-Modelltraining verwendet. Würden Sie die beschriebene KI in diesem Fall nutzen? - Ich beabsichtige, die beschriebene KI zu nutzen;"{""ImportId"":""QID21_1""}"
q21_2;Q21_2;Ich kann mir gut vorstellen, das beschriebene KI-System einzusetzen;Stellen Sie sich vor, Ihre Angaben werden ausschließlich für die Bearbeitung Ihres aktuellen Anliegens verwendet und nicht zum weiteren KI-Modelltraining verwendet. Würden Sie die beschriebene KI in diesem Fall nutzen? - Ich kann mir gut vorstellen, das beschriebene KI-System einzusetzen;"{""ImportId"":""QID21_2""}"
q21_3;Q21_3;Ich würde das System in Zukunft gern nutzen;Stellen Sie sich vor, Ihre Angaben werden ausschließlich für die Bearbeitung Ihres aktuellen Anliegens verwendet und nicht zum weiteren KI-Modelltraining verwendet. Würden Sie die beschriebene KI in diesem Fall nutzen? - Ich würde das System in Zukunft gern nutzen;"{""ImportId"":""QID21_3""}"
q23_1;Q23_1;Ich beabsichtige, die beschriebene KI zu nutzen;Stellen Sie sich vor, die Daten aus Ihrem Vorgang werden ausschließlich von IT-Stellen des öffentlichen Dienstes zum KI-Modelltraining genutzt. Würden Sie die beschriebene KI in diesem Fall nutzen? - Ich beabsichtige, die beschriebene KI zu nutzen;"{""ImportId"":""QID23_1""}"
q23_2;Q23_2;Ich kann mir gut vorstellen, das beschriebene KI-System einzusetzen;Stellen Sie sich vor, die Daten aus Ihrem Vorgang werden ausschließlich von IT-Stellen des öffentlichen Dienstes zum KI-Modelltraining genutzt. Würden Sie die beschriebene KI in diesem Fall nutzen? - Ich kann mir gut vorstellen, das beschriebene KI-System einzusetzen;"{""ImportId"":""QID23_2""}"
q23_3;Q23_3;Ich würde das System in Zukunft gern nutzen;Stellen Sie sich vor, die Daten aus Ihrem Vorgang werden ausschließlich von IT-Stellen des öffentlichen Dienstes zum KI-Modelltraining genutzt. Würden Sie die beschriebene KI in diesem Fall nutzen? - Ich würde das System in Zukunft gern nutzen;"{""ImportId"":""QID23_3""}"
q22_1;Q22_1;Ich beabsichtige, die beschriebene KI zu nutzen;Stellen Sie sich vor, die Daten aus Ihrem Vorgang werden ausschließlich von privatwirtschaftlichen IT-Stellen zum KI-Modelltraining genutzt. Würden Sie die beschriebene KI in diesem Fall nutzen? - Ich beabsichtige, die beschriebene KI zu nutzen;"{""ImportId"":""QID22_1""}"
q22_2;Q22_2;Ich kann mir gut vorstellen, das beschriebene KI-System einzusetzen;Stellen Sie sich vor, die Daten aus Ihrem Vorgang werden ausschließlich von privatwirtschaftlichen IT-Stellen zum KI-Modelltraining genutzt. Würden Sie die beschriebene KI in diesem Fall nutzen? - Ich kann mir gut vorstellen, das beschriebene KI-System einzusetzen;"{""ImportId"":""QID22_2""}"
q22_3;Q22_3;Ich würde das System in Zukunft gern nutzen;Stellen Sie sich vor, die Daten aus Ihrem Vorgang werden ausschließlich von privatwirtschaftlichen IT-Stellen zum KI-Modelltraining genutzt. Würden Sie die beschriebene KI in diesem Fall nutzen? - Ich würde das System in Zukunft gern nutzen;"{""ImportId"":""QID22_3""}"
q24_1;Q24_1;Ich beabsichtige, die beschriebene KI zu nutzen;Stellen Sie sich vor, die Daten aus Ihrem Vorgang werden in Kooperation von öffentlichen (d.h. öffentlicher Dienst) und privatwirtschaftlichen IT-Stellen zum KI-Modelltraining genutzt. Würden Sie die beschriebene KI in diesem Fall nutzen? - Ich beabsichtige, die beschriebene KI zu nutzen;"{""ImportId"":""QID24_1""}"
q24_2;Q24_2;Ich kann mir gut vorstellen, das beschriebene KI-System einzusetzen;Stellen Sie sich vor, die Daten aus Ihrem Vorgang werden in Kooperation von öffentlichen (d.h. öffentlicher Dienst) und privatwirtschaftlichen IT-Stellen zum KI-Modelltraining genutzt. Würden Sie die beschriebene KI in diesem Fall nutzen? - Ich kann mir gut vorstellen, das beschriebene KI-System einzusetzen;"{""ImportId"":""QID24_2""}"
q24_3;Q24_3;Ich würde das System in Zukunft gern nutzen;Stellen Sie sich vor, die Daten aus Ihrem Vorgang werden in Kooperation von öffentlichen (d.h. öffentlicher Dienst) und privatwirtschaftlichen IT-Stellen zum KI-Modelltraining genutzt. Würden Sie die beschriebene KI in diesem Fall nutzen? - Ich würde das System in Zukunft gern nutzen;"{""ImportId"":""QID24_3""}"